,,,,,,,,,,,,,,,,,,,,,,,,
,,,,,,,,,,,,,,,,,,,,,,,,
,,,,,,,,,,,,,,,,,,,,,,,,
,,,,,,,,,,,,,,,,,,,,,,,,
United Nations,,,,,,,,,,,,,,,,,,,,,,,,
Population Division,,,,,,,,,,,,,,,,,,,,,,,,
Department of Economic and Social Affairs,,,,,,,,,,,,,,,,,,,,,,,,
,,,,,,,,,,,,,,,,,,,,,,,,
World Urbanization Prospects: The 2014 Revision,,,,,,,,,,,,,,,,,,,,,,,,
"File 3: Urban Population at Mid-Year by Major Area, Region and Country, 1950-2050 (thousands)",,,,,,,,,,,,,,,,,,,,,,,,
,,,,,,,,,,,,,,,,,,,,,,,,
POP/DB/WUP/Rev.2014/1/F03,,,,,,,,,,,,,,,,,,,,,,,,
June 2014 - Copyright © 2014 by United Nations. All rights reserved,,,,,,,,,,,,,,,,,,,,,,,,
"Suggested citation: United Nations, Department of Economic and Social Affairs, Population Division (2014). World Urbanization Prospects: The 2014 Revision, CD-ROM Edition.",,,,,,,,,,,,,,,,,,,,,,,,
,,,,,,,,,,,,,,,,,,,,,,,,
,,,,"Urban Population at Mid-Year, 1950-2050 (thousands)",,,,,,,,,,,,,,,,,,,,
Index,"Major area, region, country or area",Note,Country Code,1950,1955,1960,1965,1970,1975,1980,1985,1990,1995,2000,2005,2010,2015,2020,2025,2030,2035,2040,2045,2050
1,WORLD,,900,746481.268,872133.969,1019494.911,1183910.279,1350280.789,1534721.238,1749539.272,2003049.795,2285030.904,2568062.984,2856131.072,3199013.076,3571272.167,3957285.013,4338014.924,4705773.576,5058158.46,5394234.712,5715413.029,6030924.065,6338611.492
2,More developed regions,a,901,444208.793,499007.086,557942.806,617846.794,672796.067,720743.694,760338.522,796361.156,830952.158,860171.237,885297.592,920702.469,956857.382,985830.915,1011618.021,1034150.181,1054054.479,1071567.957,1087082.332,1100932.159,1113500.064
3,Less developed regions,b,902,302272.475,373126.883,461552.105,566063.485,677484.722,813977.544,989200.75,1206688.639,1454078.746,1707891.747,1970833.48,2278310.607,2614414.785,2971454.098,3326396.903,3671623.395,4004103.981,4322666.755,4628330.697,4929991.906,5225111.428
4,Least developed countries,c,941,14637.305,18300.293,23183.085,29932.4,39556.392,50218.659,66909.445,84721.61,107334.737,133757.412,161881.643,198146.563,242072.929,295177.975,356905.69,427083.765,505418.895,591441.966,684850.669,786391.608,895701.346
5,"Less developed regions, excluding least developed countries",d,934,287635.17,354826.59,438369.02,536131.085,637928.33,763758.885,922291.305,1121967.029,1346744.009,1574134.335,1808951.837,2080164.044,2372341.856,2676276.123,2969491.213,3244539.63,3498685.086,3731224.789,3943480.028,4143600.298,4329410.082
6,"Less developed regions, excluding China",,948,234586.491,285439.023,350576.183,430250.548,527053.827000001,644378.414,785104.506,947237.679,1126378.438,1303726.666,1488857.805,1693997.763,1920157.587,2166067.114,2425225.211,2696693.553,2977373.872,3264662.923,3556091.631,3851614.389,4148068.621
7,High-income countries,e,1503,430703.663,482587.523,539767.672,599033.703,654425.691,704584.666,748662.608,791847.282,834931.415,873729.766,908319.369,954869.499,1003606.467,1042669.482,1076773.718,1106575.976,1133035.028,1156514.515,1177400.181,1196021.13,1212665.972
8,Middle-income countries,,1505,296382.937,365865.892,449764.055,546651.603,645237.959,766850.079,918912.544,1109654.598,1325274.344,1544556.819,1771095.097,2033715.643,2317198.356,2615345.76,2905774.29,3180233.296,3435459.551,3670507.333,3886573.576,4091883.284,4284327.239
9,Upper-middle-income countries,,1502,169163.481,215059.451,269823.372,332066.096,389329.118,457563.35,545637.676,662077.232,793207.803,928664.112,1066288.187,1229547.481,1400533.625,1574771.675,1728662.88,1857018.097,1958119.177,2033288.631,2086320.323,2126971.157,2155352.16
10,Lower-middle-income countries,,1501,127219.456,150806.441,179940.683,214585.507,255908.841,309286.729,373274.868,447577.366,532066.541,615892.707,704806.91,804168.162,916664.731,1040574.085,1177111.41,1323215.199,1477340.374,1637218.702,1800253.253,1964912.127,2128975.079
11,Low-income countries,,1500,17483.985,21208.05,26717.613,33957.883,44815.462,55897.016,72133.754,89095.117,109849.812,133542.699,159417.795,191781.814,230767.277,278656.928,334111.948,397054.69,467382.357,544771.451,629059.191,720879.312,819855.821
12,Sub-Saharan Africa,f,947,19227.463,24877.728,32705.26,40852.403,51356.001,65395.173,83085.045,105078.201,132970.816,163172.233,196868.828,240036.202,294163.974,359533.802,435432.924,522529.909,621375.498,731816.671,854083.545,989323.066,1136821.944
13,AFRICA,,903,32033.997,40962.571,53044.54,66408.812,82640.484,102894.484,127772.173,158900.967,196923.274,236904.267,278769.84,330741.711,394940.213,471602.315,559506.598,658813.697,770067.953,893399.441,1029050.896,1177787.243,1338565.979
14,Eastern Africa,,910,3728.167,4851.92,6362.149,8533.834,11587.492,15757.081,21468.109,27578.835,35563.628,43843.113,53484.357,65108.773,80635.931,101034.466,125611.357,154745.07,188966.992,228436.925,273070.759,323181.129,378762.663
15,Burundi,,108,39.974,48.013,57.879,70.632,98.369,129.602,179.07,249.278,351.553,447.773,550.379,728.482,982.459,1303.648,1714.678,2217.313,2829.483,3585.446,4524.026,5670.041,7024.768
16,Comoros,,174,10.32,15.922,23.907,35.328,44.984,55.406,72.803,92.469,115.042,131.855,148.349,167.44,190.7,217.892,249.456,287.14,333.231,386.762,445.554,508.675,575.836
17,Djibouti,,262,24.682,31.325,42.09,64.504,98.638,150.562,259.002,317.852,448.089,506.632,553.237,596.117,642.172,695.823,750.761,803.043,851.696,898.986,945.758,990.026,1028.455
18,Eritrea,,232,81.032,104.727,136.978,180.373,226.293,276.708,346.841,431.25,517.065,563.531,691.565,916.862,1181.091,1525.188,1931.442,2403.985,2952.896,3592.633,4326.619,5144.495,6029.385
19,Ethiopia,,231,833.89,1085.994,1425.092,1897.833,2440.175,3081,3668.755,4670.398,6063.524,7884.886,9731.656,11958.476,15083.947,19265.898,24296.384,30190.302,36906.745,44368.056,52431.2,61169.434,70521.943
20,Kenya,,404,339.667,448.051,596.757,817.908,1158.462,1741.678,2535.089,3161.146,3926.795,5007.379,6223.277,7756.542,9642.731,11978.118,14737.72,17973.485,21766.907,26148.088,31090.842,36595.049,42636.284
21,Madagascar,,450,318.517,414.442,542.656,714.2,927.258,1237.438,1620.232,2089.369,2720.827,3470.229,4270.206,5270.193,6730.425,8507.728,10638.96,13130.914,15954.921,19058.644,22504.151,26324.754,30518.446
22,Malawi,,454,100.995,124.251,154.745,195.03,274.169,405.5,564.445,738.289,1092.098,1321.57,1654.062,1945.675,2333.108,2816.437,3443.219,4254.811,5304.703,6643.118,8265.092,10187.238,12437.166
23,Mauritius,1,480,144.658,176.457,218.978,278.708,347.369,387.598,409.129,429.922,463.525,488.539,505.704,504.762,499.391,497.305,499.142,505.476,515.613,528.984,544.788,558.453,569.982
24,Mayotte,,175,1.29,2.256,3.923,6.725,9.295,12.528,16.585,23.415,33.33,50.576,71.065,87.902,100.04,109.924,120.481,133.388,149.403,168.565,190.713,213.869,237.092
25,Mozambique,,508,223.887,283.992,364.714,489.058,659.771,1015.637,1594.347,2444.492,3391.99,4394.146,5317.899,6302.999,7419.106,8737.013,10334.937,12336.351,14824.621,17825.64,21265.073,25129.353,29439.558
26,Réunion,,638,58.29,81.45,110.235,149.093,192.488,215.528,272.353,379.444,495.959,580.045,661.551,730.774,793.831,850.337,899.767,942.855,981.238,1015.546,1045.227,1069.79,1088.943
27,Rwanda,,646,46.208,59.211,76.269,93.184,119.936,174.26,242.685,309.117,390.755,557.17,1253.128,1818.154,2595.611,3580.619,4735.575,6023.932,7383.216,8743.489,10186,11730.421,13349.373
28,Seychelles,,690,9.952,10.668,11.45,15.42,20.379,27.415,32.423,34.002,34.221,37.355,39.983,44.466,47.719,50.521,53.175,55.592,57.819,59.906,61.836,63.49,64.765
29,Somalia,,706,288.122,370.574,477.188,612.817,781.361,989.571,1629.818,1703.241,1874.89,1994.354,2455.437,2976.661,3590.301,4399.113,5386.075,6576.481,7976.628,9586.626,11405.645,13431.748,15663.775
30,South Sudan,,728,228.973,239.609,258.515,283.638,314.856,353.139,400.571,536.168,765.262,862.561,1097.983,1379.086,1774.956,2285.171,2778.788,3370.908,4083.214,4950.233,5959.686,7110.251,8402.924
31,Uganda,,800,145.449,208.359,299.817,441.546,629.438,762.272,945.478,1341.766,1942.129,2419.036,2932.916,3743.23,4925.438,6463.32,8423.333,10889.248,13951.972,17680.154,22116.139,27334.913,33366.741
32,United Republic of Tanzania,2,834,267.063,385.389,528.497,704.433,1068.282,1780.977,2719.772,3663.636,4812.601,6151.584,7589.582,9645.896,12643.617,16528.155,21218.262,26761.148,33256.672,40705.95,48986.118,58243.961,68568.706
33,Zambia,,894,272.83,389.925,559.347,836.894,1272.057,1734.021,2328.094,2711.783,3091.273,3280.511,3515.393,4199.454,5118.243,6351.003,7894.836,9774.157,12035.445,14726,17882.766,21552.043,25759.289
34,Zimbabwe,,716,292.368,371.305,473.112,646.51,903.912,1226.241,1630.617,2251.798,3032.7,3693.381,4220.985,4335.602,4341.045,4871.253,5504.366,6114.541,6850.569,7764.099,8893.526,10153.125,11479.232
35,Middle Africa,,911,3660.291,4521.056,5650.75,7047.201,8920.837,11495.004,14464.65,18043.007,22566.053,28524.545,34515.061,42363.343,51883.273,63060.945,76069.788,90975.784,107746.675,126304.834,146604.039,168586.647,192107.766
36,Angola,,24,314.201,404.427,518.18,679.453,886.653,1145.341,1509.546,2042.999,2643.556,3495.882,4514.325,5983.982,7838.629,10052.272,12653.815,15605.241,18908.99,22484.567,26267.473,30336.163,34675.848
37,Cameroon,,120,416.873,557.284,747.195,1010.735,1374.506,2112.438,2851.265,3761.265,4786.78,5930.199,7253.723,8804.182,10624.752,12721.469,15077.727,17670.436,20491.607,23530.592,26817.759,30322.565,34002.758
38,Central African Republic,,140,191.278,238.918,302.204,387.789,502.752,644.98,770.321,932.001,1072.643,1219.568,1369.414,1507.74,1689.008,1923.002,2204.122,2537.907,2925.062,3355.245,3819.087,4313.345,4831.038
39,Chad,,148,112.604,150.339,201.019,278.32,421.639,636.484,847.794,1007.127,1238.607,1498.876,1796.093,2183.279,2576.573,3057.354,3678.192,4497.529,5546.708,6876.406,8476.943,10328.869,12441.856
40,Congo,,178,201.332,252.955,320.299,408.43,522.412,672.275,859.703,1085.624,1294.702,1534.779,1834.925,2160.722,2599.748,3053.98,3551.854,4140.34,4804.19,5544.656,6357.72,7233.833,8168.347
41,Democratic Republic of the Congo,,180,2327.079,2791.905,3400.359,4070.466,4924.015,5913.521,7135.507,8565.179,10694.055,13796.035,16489.579,20248.43,24837.538,30275.467,36658.763,44000.165,52250.509,61382.35,71408.626,82262.518,93864.046
42,Equatorial Guinea,,226,34.874,48.379,64.382,71.404,78.41,65.302,61.482,93.645,129.893,171.581,201.083,234.555,273.06,319.131,372.403,432.956,501.057,574.782,653.83,737.936,826.652
43,Gabon,,266,53.956,68.188,86.784,126.457,188.533,278.527,397.24,515.455,654.576,814.221,981.431,1150.761,1333.63,1526.275,1719.342,1916.246,2121.631,2335.703,2557.541,2782.019,3004.082
44,Sao Tome and Principe,,678,8.094,8.661,10.328,14.147,21.917,26.136,31.792,39.712,51.241,63.404,74.488,89.692,110.335,131.995,153.57,174.964,196.921,220.533,245.06,269.399,293.139
45,Northern Africa,,912,12806.534,16084.843,20339.28,25556.409,31284.483,37499.311,44687.128,53822.766,63952.458,73732.034,81901.012,90705.509,100776.239,112068.513,124073.674,136283.788,148692.455,161582.77,174967.351,188464.177,201744.035
46,Algeria,,12,1970.81,2593.228,3440.879,4807.377,5802.827,6788.94,8479.849,10959.445,13666.998,16415.906,19005.851,21677.18,25027.022,28738.799,32176.23,35145.275,37569.253,39560.981,41396.189,43170.296,44786.57
47,Egypt,,818,6869.029,8495.623,10600.966,12732.784,15073.608,17471.66,19706.161,22121.201,24493.933,26188.469,28304.15,30883.8,33587.708,36537.834,39869.482,43609.708,47863.592,52747.355,58122.876,63549.623,68863.54
48,Libya,,434,217.638,284.963,390.294,576.245,1030.99,1589.712,2157.657,2820.945,3225.662,3607.903,3951.824,4302.128,4690.054,4962.312,5387.304,5768.972,6103.346,6406.883,6689.452,6944.658,7155.06
49,Morocco,,504,2352.9,2913.418,3619.335,4490.092,5487.485,6669.84,8159.039,9975.646,11940.483,13870.621,15312.537,16606.903,18252.53,20439.199,22496.502,24472.884,26257.882,27856.239,29276.961,30567.707,31720.658
50,Sudan,,729,391.264,561.607,808.934,1168.589,1690.716,2287.491,2877.639,3921.632,5724.505,7906.344,9010.852,10347.426,11793.687,13391.448,15575.156,18220.092,21392.713,25119.558,29237.628,33668.595,38387.533
51,Tunisia,,788,1000.626,1229.428,1468.655,1762.879,2166.499,2646.264,3189.934,3870.33,4714.067,5522.032,6059.507,6543.194,7009.981,7509.909,8004.648,8463.86,8868.96,9226.38,9555.323,9855.47,10108.45
52,Western Sahara,,732,4.267,6.576,10.217,18.443,32.358,45.404,116.849,153.567,186.81,220.759,256.291,344.878,415.257,489.012,564.352,602.997,636.709,665.374,688.922,707.828,722.224
53,Southern Africa,,913,5872.952,6953.551,8277.523,9606.145,11118.655,12872.224,14756.325,17230.454,20538.757,24359.844,27666.121,31164.785,34780.443,37813.255,40609.45,43318.068,45910.56,48432.22,50847.79,53189.902,55422.011
54,Botswana,,72,11.205,13.544,16.041,22.874,54.305,97.783,164.387,316.593,580.317,775.584,934.19,1033.071,1107.467,1181.265,1265.606,1357.482,1460.946,1573.855,1694.087,1818.09,1942.08
55,Lesotho,,426,12.844,16.145,29.9,59.411,88.853,124.35,149.696,172.505,223.122,297.361,362.85,428.477,497.262,579.044,667.608,762.031,861.265,965.449,1074.646,1192.048,1316.091
56,Namibia,,516,65.067,83.454,107.91,136.75,173.96,214.19,253.859,303.048,391.461,493.175,614.423,742.535,906.793,1116.28,1338.204,1566.806,1789.777,1996.197,2181.898,2362.048,2538.368
57,South Africa,,710,5778.376,6832.773,8110.005,9361.674,10758.266,12363.484,14080.706,16284.482,19146.227,22571.676,25513.344,28717.26,32012.49,34662.753,37044.087,39313.425,41449.818,43509.98,45468.239,47343.072,49102.541
58,Swaziland,,748,5.46,7.635,13.667,25.436,43.271,72.417,107.677,153.826,197.63,222.048,241.314,243.442,256.431,273.913,293.945,318.324,348.754,386.739,428.92,474.644,522.931
59,Western Africa,,914,5966.053,8551.201,12414.838,15665.223,19729.017,25270.864,32395.961,42225.905,54302.378,66444.731,81203.289,101399.301,126864.327,157625.136,193142.329,233490.987,278751.271,328642.692,383560.957,444365.388,510529.504
60,Benin,,204,111.784,156.746,225.522,329.541,485.323,714.73,1016.464,1320.325,1724.683,2200.216,2663.874,3271.437,3980.253,4781.69,5709.053,6767.728,7950.457,9239.042,10616.804,12067.635,13574.146
61,Burkina Faso,,854,164.385,191.862,226.977,268.985,323.163,390.629,600.776,953.16,1217.208,1526.708,2071.267,2890.727,3988.485,5349.061,6969.668,8832.906,10896.359,13107.688,15573.754,18308.917,21298.974
62,Cabo Verde,,132,25.285,30.101,35.401,43.675,53.872,66.915,70.93,104.254,155.285,194.816,236.411,276.13,301.501,333.079,364.451,394.157,420.73,443.254,462.28,479.051,493.221
63,Côte d'Ivoire,,384,262.001,390.942,614.281,1033.836,1476.266,2129.152,3044.126,3850.888,4767.023,5859.03,7023.684,8146.72,9594.072,11537.876,13665.899,15968.377,18422.404,21006.857,23783.069,26789.641,29997.297
64,Gambia,,270,27.856,33.939,44.628,58.256,87.204,127.275,171.727,241.728,351.251,462.129,588.236,751.92,946.153,1174.794,1432.149,1714.24,2016.476,2345.454,2701.266,3077.912,3468.322
65,Ghana,,288,769.242,1084.333,1546.844,2009.981,2489.577,2954.295,3366.368,4183.32,5330.857,6727.828,8269.671,10116.375,12304.401,14582.77,16999.9,19505.811,22063.688,24637.471,27184.849,29719.475,32192.42
66,Guinea,,324,207.613,278.631,374.542,502.916,672.521,848.946,1061.679,1348.899,1687.192,2310.013,2712.821,3141.706,3790.992,4588.526,5528.407,6608.098,7818.385,9149.241,10596.084,12140.693,13763.527
67,Guinea-Bissau,,624,51.888,68.819,86.49,94.611,103.345,124.103,144.059,204.201,286.198,371.912,466.722,580.937,717.48,881.959,1060.544,1249.266,1444.05,1640.972,1841.396,2051.421,2268.252
68,Liberia,,430,120.624,157.492,208.739,277.001,369.483,494.815,665.542,931.117,1165.453,955.924,1282.032,1505.759,1891.948,2238.246,2632.194,3083.143,3595.088,4163.237,4778.549,5433.08,6121.634
69,Mali,,466,392.901,469.476,564.271,677.59,819.144,1005.66,1244.972,1556.052,1857.419,2293.838,2909.508,3828.415,5034.381,6489.835,8322.249,10522.484,13089.252,16002.165,19313.237,23065.181,27233.35
70,Mauritania,,478,20.49,34.641,59.054,100.141,167.336,273.296,419.915,618.38,836.486,1056.398,1333.562,1671.468,2045.878,2442.382,2866.197,3310.821,3773.924,4266.82,4785.074,5320.575,5867.189
71,Niger,,562,124.316,155.47,193.336,261.207,388.042,579.024,784.3,974.663,1191.651,1445.913,1778.822,2204.375,2790.763,3609.323,4749.353,6331.646,8473.476,11246.117,14769.757,19169.751,24561.767
72,Nigeria,,566,2953.06,4541.081,6967.11,8315.202,9969.016,12573.568,16191.472,21508.164,28379.229,34918.67,42810.252,54541.496,69440.943,87680.5,108711.17,132547.15,159240.806,188612.714,220824.256,256584.4,295479.827
73,Saint Helena,3,654,2.554,2.487,2.337,2.227,2.266,2.303,2.333,2.432,2.355,2.182,2.064,1.869,1.676,1.627,1.707,1.798,1.9,2.006,2.102,2.191,2.27
74,Senegal,,686,426.721,555.261,730.88,961.65,1265.417,1651.329,1991.937,2417.37,2923.005,3451.539,3978.718,4634.488,5468.959,6543.954,7806.372,9282.903,10998.104,12935.929,15086.37,17423.224,19909.932
75,Sierra Leone,,694,244.161,301.244,374.827,472.967,606.863,782.176,948.331,1146.884,1344.255,1352.051,1474.811,1886.166,2199.61,2523.784,2891.507,3303.602,3766.46,4268.461,4794.795,5337.455,5893.247
76,Togo,,768,61.172,98.676,159.599,255.437,450.179,552.648,671.03,864.068,1082.828,1315.564,1600.834,1949.313,2366.832,2865.73,3431.509,4066.857,4779.712,5575.264,6447.315,7394.786,8404.129
77,ASIA,,935,244574.155,296530.949,358012.357,430382.373,504564.587,596737.432,714386.241,865348.422,1036246.836,1211260.491,1392739.609,1621843.454,1864835.926,2113137.37,2347541.174,2561408.668,2752456.877,2920137.225,3065534.922,3197039.285,3313423.641
78,Eastern Asia,,906,119111.108,148294.275,181384.167,217184.673,246155.292,280117.034,324399.865,389655.304,467014.408,550368.244,632395.736,747566.473,865825.69,982409.704,1081098.176,1156059.999,1207794.354,1237974.408,1250303.996,1254110.807,1250223.621
79,China,4,156,64180.395,83276.451,105426.589,128692.283,141701.722,158961.22,190483.105,242987.297,308166.89,383155.985,459383.108,560517.729,669386.225,779478.624,874427.437,947539.986,998924.971,1030048.15,1044395.487,1050837.91,1049947.58
80,"China, Hong Kong SAR",5,344,1681.846,2121.539,2620.541,3285.59,3472.484,3906.492,4623.027,5031.426,5766.038,6144.498,6835.301,6896.686,7049.514,7313.557,7549.528,7743.047,7885.155,7969.437,8003.569,8011.702,8003.705
81,"China, Macao SAR",6,446,190.372,174.499,163.379,199,243.547,242.979,242.59,294.375,358.882,398.1,431.907,468.149,534.626,584.42,626.47,666.603,701.551,730.511,754.875,776.606,796.928
82,Dem. People's Republic of Korea,,408,3270.335,3577.107,4591.911,5657.767,7810.438,9227.78,9884.766,10824.363,11790.239,12844.558,13569.935,14241.596,14751.886,15313.311,15942.149,16620.682,17308.228,17965.681,18548.528,19059.279,19506.891
83,Japan,,392,43896.325,51638.281,58527.313,66062.396,74541.626,83896.5,88296.602,92046.283,94545.802,97116.988,98872.893,109173.975,115282.491,118572.468,119444.444,118715.243,116917.699,114422.798,111531.927,108602.453,105783.802
84,Mongolia,,496,156.04,227.616,340.92,466.257,576.137,719.936,880.007,1057.81,1245.682,1305.424,1369.746,1578.917,1832.915,2105.778,2354.525,2562.19,2724.468,2855.896,2973.85,3086.305,3181.338
85,Republic of Korea,,410,4102.424,5163.411,6948.101,9185.316,12796.196,16673.688,21242.246,26275.888,31732.377,34936.193,36607.487,38259.141,39701.2,41031.163,42185.366,43232.042,44113.85,44726.201,45010.625,44985.253,44708.783
86,Other non-specified areas,,158,1633.371,2115.371,2765.413,3636.064,5013.142,6488.439,8747.522,11137.862,13408.498,14466.498,15325.359,16430.28,17286.833,18010.383,18568.257,18980.206,19218.432,19255.734,19085.135,18751.299,18294.594
87,South-Central Asia,7,921,84665.309,97239.062,112669.815,133612.944,159458.666,194257.511,239801.9,286881.368,338429.12,389068.452,443554.59,507255.368,575557.481,651196.826,732870.359,819597.34,909208.155,1000018.47,1089615.648,1176755.705,1260027.509
88,Central Asia,,5500,5715.252,7154.276,9368.273,11752.243,14037.501,16366.826,18488.318,20585.478,22347.189,22733.342,22870.073,23607.037,24950.647,26766.58,28928.846,31344.986,34020.329,37016.402,40188.05,43373.63,46416.703
89,Kazakhstan,,398,2437.081,3106.547,4293.505,5452.23,6408.761,7231.137,7860.791,8627.264,9099.287,8695.585,8122.825,8242.917,8554.667,8929.685,9360.24,9831.707,10356.786,10990.175,11691.455,12388.6,13034.401
90,Kyrgyzstan,,417,460.772,581.91,742.572,922.63,1110.669,1259.765,1401.188,1540.243,1660.123,1669.217,1748.963,1779.463,1883.132,2037.999,2257.406,2497.199,2753.717,3042.268,3365.003,3708.61,4051.74
91,Tajikistan,,762,449.925,554.382,684.603,875.154,1076.636,1212.783,1343.335,1509.112,1677.012,1670.328,1638.449,1798.951,2022.482,2306.057,2641.682,3027.138,3472.802,4013.805,4671.446,5406.485,6185.202
92,Turkmenistan,,795,544.498,619.277,739.573,890.918,1045.657,1198.448,1346.9,1484.81,1653.346,1875.97,2066.754,2233.759,2440.433,2688.708,2952.721,3217.956,3473.226,3710.479,3929.549,4128.851,4303.165
93,Uzbekistan,,860,1822.976,2292.16,2908.02,3611.311,4395.778,5464.693,6536.104,7424.049,8257.421,8822.242,9293.082,9551.947,10049.933,10804.131,11716.797,12770.986,13963.798,15259.675,16530.597,17741.084,18842.195
94,Southern Asia,,5501,78950.057,90084.786,103301.542,121860.701,145421.165,177890.685,221313.582,266295.89,316081.931,366335.11,420684.517,483648.331,550606.834,624430.246,703941.513,788252.354,875187.826,963002.068,1049427.598,1133382.075,1213610.806
95,Afghanistan,,4,432.143,553.706,721.379,952.137,1269.972,1704.871,2066.88,1955.053,2148.654,3474.413,4383.053,5691.905,7011.272,8546.635,10320.963,12418.55,14788.124,17374.813,20093.889,22863.478,25642.244
96,Bangladesh,,50,1622.639,2020.726,2543.661,3552.536,5034.728,7107.81,12251.656,16496.299,21274.633,26003.685,31229.852,38373.642,46035.276,54983.919,64479.585,74020.473,83160,91510.533,98935.284,105950.886,112443.436
97,Bhutan,,64,3.713,5.504,8.06,11.844,17.754,27.511,41.82,60.727,87.799,104.556,143.448,201.402,249.447,300.055,346.724,390.622,429.823,463.125,490.795,516.164,539.063
98,India,,356,64134.137,71906.548,80586.315,93540.8,109709.315,132732.329,161445.95,190338.784,221979.229,254314.016,288365.219,329516.783,372901.884,419938.867,470726.086,525459.048,583038.483,642296.787,701357.654,758961.289,814398.506
99,Iran (Islamic Republic of),,364,4716.125,5903.54,7407.65,9275.865,11789.487,15040.458,19325.507,25379.649,31748.896,36423.98,42210.684,47393.356,52589.842,58315.802,63738.744,68472.823,72543.82,76105.956,79230.575,82017.008,84357.725
100,Maldives,,462,7.823,8.627,9.939,11.616,13.575,23.2,34.336,46.786,55.778,62.805,75.566,100.431,130.225,163.008,194.39,222.306,244.953,263.264,281.095,298.474,314.635
101,Nepal,,524,217.932,268.676,332.199,390.335,457.288,621.726,876.189,1192.345,1603.63,2243.061,3113.842,3839.979,4516.065,5294.339,6176.685,7162.029,8234.717,9368.585,10546.521,11755.353,12978.514
102,Pakistan,,586,6577.755,8035.464,10066.423,12166.264,14692.753,17952.986,22448.238,27813.268,33967.023,40333.123,47687.034,54863.424,63369.63,72920.65,83764.075,95618.196,107880.376,120266.202,132548.149,144454.795,155746.618
103,Sri Lanka,,144,1237.79,1381.995,1625.916,1959.304,2436.293,2679.794,2823.006,3012.979,3216.289,3375.471,3475.819,3667.409,3803.193,3966.971,4194.261,4488.307,4867.53,5352.803,5943.636,6564.628,7190.065
104,South-Eastern Asia,,920,26065.576,32067.049,39894.872,49106.542,60459.823,74038.556,90954.662,113523.707,140164.246,168067.958,199681.306,231789.044,265800.533,301578.981,336821.915,370921.125,403284.326,433091.502,460205.242,485148.725,507725.169
105,Brunei Darussalam,,96,12.843,21.941,35.509,53.949,80.004,99.68,115.617,138.847,169.145,202.503,236.122,270.354,302.468,330.841,356.934,381.027,402.885,422.232,438.003,449.859,458.23
106,Cambodia,,116,452.137,516.593,588.289,700.151,1121.343,338.302,663.085,1083.437,1408.076,1864.281,2271.793,2560.946,2845.724,3248.723,3723.4,4273.673,4900.072,5628.756,6433.446,7287.526,8166.881
107,Indonesia,,360,9001.432,10651.003,12936.482,15841.472,19472.869,24959.632,32160.623,42383.285,54633.885,70027.122,87758.699,103118.973,120154.271,137422.002,154163.583,170111,184912.08,197950.123,209152.947,219103.587,227770.447
108,Lao People's Democratic Republic,,418,121.834,143.384,168.441,198.132,258.436,337.59,402.354,507.662,655.22,846.587,1184.197,1585.851,2118.47,2710.569,3331.734,3935.861,4479.351,4975.298,5473.194,5963.65,6434.609
109,Malaysia,8,458,1244.022,1642.973,2170.621,2862.596,3649.38,4635.637,5816.219,7234.794,9068.005,11541.559,14515.387,17210.135,20050.923,22898.099,25544.486,28005.193,30181.596,32011.953,33533.966,34905.173,36162.668
110,Myanmar,,104,2831.985,3396.654,4131.029,5038.019,6202.029,7330.005,8264.463,9280.195,10349.665,11570.448,13066.62,14517.24,16309.134,18469.012,20708.694,22938.063,25094.547,27125.968,29001.852,30705.07,32205.99
111,Philippines,,608,5041.796,6365.775,7959.458,9769.788,11807.992,14684.763,17765.32,23384.531,30100.849,33612.975,37237.828,39994.963,42288.282,45172.676,48864.64,53548.349,59220.239,65934.168,73335.4,80844.691,88380.848
112,Singapore,,702,1016.428,1305.733,1633.72,1879.573,2074.073,2262.395,2414.527,2708.638,3016.404,3482.64,3918.189,4495.537,5078.969,5618.866,6057.219,6333.513,6577.884,6769.247,6904.084,6997.759,7064.579
113,Thailand,,764,3395.919,4266.922,5382.793,6433.564,7703.609,10057.569,12690.729,14618.582,16648.693,17858.276,19569.966,24598.175,29270.141,33952.234,37894.013,40977.509,43134.684,44305.963,44703.277,44701.37,44334.632
114,Timor-Leste,,626,42.871,46.11,50.422,62.177,77.883,96.746,95.721,122.496,156.624,195.301,207.108,261.985,318.508,384.285,460.815,547.279,638.412,728.247,815.871,908.317,1007.297
115,Viet Nam,,704,2904.309,3709.961,4838.108,6267.121,8012.205,9236.237,10566.004,12061.24,13957.68,16866.266,19715.397,23174.885,27063.643,31371.674,35716.397,39869.658,43742.576,47239.547,50413.202,53281.723,55738.988
116,Western Asia,,922,14732.162,18930.563,24063.503,30478.214,38490.806,48324.331,59229.814,75288.043,90639.062,103755.837,117107.977,135232.569,157652.222,177951.859,196750.724,214830.204,232170.042,249052.845,265410.036,281024.048,295447.342
117,Armenia,,51,545.987,718.455,957.511,1226.264,1507.63,1797.435,2045.091,2240.22,2389.86,2129.141,1989.199,1935.079,1884.192,1873.591,1864.307,1871.678,1885.154,1908.345,1937.235,1956.055,1960.598
118,Azerbaijan,9,31,1323.223,1664.72,2052.755,2343.196,2589.491,2954.913,3253.139,3570.493,3878.793,4056.83,4171.405,4486.271,4856.675,5250.367,5626.766,5961.261,6259.496,6537.855,6788.584,6991.273,7136.014
119,Bahrain,,48,74.455,100.946,133.771,154.561,178.527,226.617,309.88,365.55,437.126,498.272,590.539,777.508,1108.032,1207.101,1318.982,1406.447,1478.197,1543.056,1600.499,1648.229,1683.914
120,Cyprus,,196,140.22,171.363,204.124,221.86,250.119,307.187,401.746,455.135,511.909,581.989,647.551,704.926,745.549,779.43,812.852,845.776,880.125,911.58,940.037,962.232,977.263
121,Georgia,10,268,1301.81,1538.345,1791.587,2038.696,2259.815,2471.02,2663.279,2865.401,3005.25,2728.179,2496.944,2348.2,2320.26,2308.992,2298.302,2287.448,2282.242,2289.745,2309.291,2330.664,2350.476
122,Iraq,,368,2008.69,2447.03,3127.213,4242.439,5569.368,7171.849,8945.866,10711.365,12210.719,14005.725,16302.927,18825.977,21374.433,24847.389,28564.086,32654.36,36880.434,41385.909,46082.548,50862.249,55653.186
123,Israel,,376,893.159,1220.458,1606.03,2041.746,2399.238,2891.082,3317.141,3667.479,4065.416,4844.628,5484.684,6043.558,6813.683,7297.043,7866.565,8418.737,8972.762,9539.217,10112.937,10669.974,11188.661
124,Jordan,,400,166.079,279.166,452.126,607.628,926.187,1144.415,1369.061,1864.431,2461.455,3385.49,3804.81,4253.176,5323.284,6434.69,6854.804,7495.196,8102.779,8696.405,9271.538,9808.258,10282.849
125,Kuwait,,414,93.633,135.094,196.216,382.293,642.82,938.521,1299.912,1694.151,2018.046,1555.083,1870.267,2254.68,2939.625,3523.977,3951.46,4365.654,4763.945,5153.265,5538.269,5913.882,6268.275
126,Lebanon,,422,427.078,556.203,764.253,1065.744,1366.383,1725.143,1919.362,2125.815,2246.76,2572.921,2782.427,3451.984,3784.699,4436.67,4311.658,4489.132,4634.198,4739.787,4810.49,4854.546,4873.871
127,State of Palestine,11,275,347.608,401.226,470.783,582.231,610.473,787.705,941.949,1145.166,1409.252,1824.49,2306.302,2600.874,2975,3423.087,3927.257,4475.674,5049.54,5636.822,6227.167,6818.864,7407.558
128,Oman,,512,39.252,59.303,90.485,139.614,214.732,337.059,549.041,855.281,1196.523,1544.17,1569.169,1826.169,2106.593,3228.136,3598.555,3885.201,4076.303,4191.428,4248.074,4315.33,4380.317
129,Qatar,,634,20.129,29.756,40.349,64.032,96.608,146.125,199.952,334.293,442.141,476.086,571.791,800.213,1726.172,2332.785,2530.695,2653.239,2753.026,2835.77,2905.051,2956.16,2978.482
130,Saudi Arabia,,682,664.845,922.664,1272.545,1869.612,2824.24,4304.904,6482.74,9643.065,12411.049,14607.001,16084.987,19993.877,22374.784,24853.959,27202.447,29085.517,30602.519,31999.465,33376.063,34697.663,35838.611
131,Syrian Arab Republic,,760,1116.076,1361.803,1690.445,2159.655,2764.867,3408.395,4183.215,5108.681,6092.664,7184.03,8504.294,9770.957,11988.656,12837.178,15363.857,17213.252,19108.652,20985.766,22818.08,24577.197,26244.525
132,Turkey,,792,5261.637,6924.965,8683.368,10610.333,13294.704,16295.737,19222.062,25793.14,31966.194,36355.82,40899.833,45918.585,51011.925,56288.353,60796.966,65010.516,68841.882,72180.63,74977.077,77322.236,79188.556
133,United Arab Emirates,,784,37.927,50.483,65.862,113.741,184.76,425.128,819.061,1075.13,1428.059,1837.597,2428.236,3412.973,7095.546,8192.333,9197.733,10071.98,10914.59,11767.137,12619.472,13400.446,14057.837
134,Yemen,,887,270.354,348.583,464.08,614.569,810.844,991.096,1307.317,1773.247,2467.846,3568.385,4602.612,5827.562,7223.114,8836.778,10663.432,12639.136,14684.198,16750.663,18847.624,20938.79,22976.349
135,EUROPE,,908,282965.293,313280.048,346340.95,382259.042,414173.127,443146.454,468429.458,488067.836,505990.967,514365.412,516827.426,525634.776,537982.392,547065.703,555106.331,561571.444,566970.179,571694.852,575852.164,579072.565,581112.912
136,Eastern Europe,,923,87495.407,105387.85,123938.105,141046.485,156444.192,172499.027,188299.16,201187.922,211281.358,211380.39,207719.646,204275.207,204112.022,202949.714,201792.067,200151.665,198303.193,196605.079,195121.002,193545.927,191714.283
137,Belarus,,112,2031.826,2251.586,2653.712,3281.65,3978.349,4741.124,5456.909,6182.485,6769.542,6920.989,6984.34,6992.774,7081.717,7099.098,7083.364,7020.189,6905.628,6755.577,6596.151,6437.499,6273.868
138,Bulgaria,,100,2000.044,2429.307,2918.461,3754.88,4442.762,5023.631,5505.311,5787.556,5855.195,5665.322,5512.24,5423.132,5342.501,5259.641,5154.71,5023.146,4866.037,4696.439,4528.382,4367.146,4205.054
139,Czech Republic,,203,4809.187,5297.319,5703.539,6036.653,6329.349,7021.574,7752.249,7785.267,7767.162,7717.473,7584.078,7529.961,7731.088,7866.405,7983.344,8101.182,8213.862,8346.787,8520.289,8710.778,8899.721
140,Hungary,,348,4951.168,5350.364,5591.842,5901.15,6218.952,6559.949,6906.27,6882.431,6837.31,6750.449,6602.208,6699.059,6895.966,7059.554,7188.567,7278.624,7326.329,7338.127,7330.74,7326.427,7326.774
141,Poland,,616,9516.954,11814.609,14197.742,15735.526,17009.457,18800.918,20702.346,22348.971,23374.497,23662.577,23669.049,23478.722,23260.026,23138.954,23166.13,23286.75,23442.789,23593.574,23732.948,23811.403,23854.271
142,Republic of Moldova,12,498,433.086,542.741,703.556,919.501,1152.672,1390.531,1619.447,1861.993,2040.768,2008.725,1881.216,1706.779,1603.775,1546.404,1518.996,1507.594,1500.232,1498.607,1494.398,1483.438,1462.628
143,Romania,,642,4160.595,5324.656,6314.256,7176.59,8197.574,9195.671,10319.463,11366.624,12438.003,12347.264,11866.818,11758.478,11767.81,11774.49,11805.721,11838.084,11870.237,11911.294,11951.789,11953.777,11903.243
144,Russian Federation,,643,45320.503,54610.733,64507.9,73693.748,81436.342,89101.683,96630.762,103227.186,108731.707,109032.034,107650.471,105737.205,105827.92,105163.529,104399.14,103199.593,101944.295,100890.99,100000.128,99082.036,98039.629
145,Slovakia,,703,1031.378,1209.097,1384.47,1621.957,1860.658,2194.642,2576.059,2794.361,2981.435,3032.065,3029.853,2995.649,2971.273,2925.323,2911.758,2923.204,2953.452,3001.693,3062.063,3115.225,3160.953
146,Ukraine,,804,13240.666,16557.438,19962.627,22924.83,25818.077,28469.304,30830.344,32951.048,34485.739,34243.492,32939.373,31953.448,31629.946,31116.316,30580.337,29973.299,29280.332,28571.991,27904.114,27258.198,26588.142
147,Northern Europe,,924,54396.876,56192.208,58687.053,61831.324,64501.324,66906.341,68683.843,69691.351,70985.019,72230.083,73552.135,75895.566,79135.261,82402.504,85676.66,88759.478,91588.653,94139.369,96548.344,98929.633,101258.613
148,Channel Islands,13,830,42.304,42.278,42.345,42.99,43.737,43.213,41.296,42.593,44.159,43.967,45.309,47.436,49.537,51.455,53.725,56.377,59.399,62.743,66.267,69.67,72.973
149,Denmark,,208,2901.691,3090.791,3375.367,3667.671,3931.15,4157.64,4289.497,4313.194,4361.237,4446.59,4542.879,4651.395,4817.933,4963.992,5110.693,5259.521,5401.753,5527.665,5637.982,5741.652,5847.382
150,Estonia,,233,546.865,621.623,700.079,791.662,883.429,961.169,1027.879,1077.407,1114.986,1007.452,947.652,910.812,884.22,864.634,848.958,836.195,825.504,818.848,817.147,816.481,815.144
151,Faroe Islands,,234,5.471,5.918,7.327,9.292,10.785,12.291,13.413,14.103,14.695,13.638,16.893,19.555,20.292,20.77,21.693,22.698,23.829,25.019,26.133,27.071,27.883
152,Finland,14,246,1723.74,2081.004,2449.483,2723.196,2934.667,3195.845,3428.141,3716.284,3957.802,4135.734,4254.175,4349.49,4485.115,4598.985,4705.653,4800.818,4878.093,4935.252,4979.305,5022.081,5071.101
153,Iceland,,352,103.854,120.961,140.943,159.031,173.529,188.902,201.345,216.233,231.258,245.068,259.845,276.084,297.764,316.987,334.986,351.261,365.277,376.822,386.185,393.592,398.956
154,Ireland,,372,1167.804,1268.031,1296.232,1400.226,1532.537,1707.571,1891.161,1988.784,2009.44,2091.445,2249.753,2514.637,2762.754,2989.325,3214.051,3428.848,3637.695,3848.841,4063.061,4274.001,4473.536
155,Isle of Man,,833,29.245,28.316,26.702,28.554,31.663,31.935,33.715,33.36,36.384,37.377,39.804,41.703,43.671,45.444,47.323,49.331,51.473,53.701,55.993,58.186,60.279
156,Latvia,,428,904.822,997.638,1127.31,1285.126,1436.329,1576.355,1686.372,1770.282,1844.799,1710.503,1614.189,1514.74,1415.124,1368.782,1330.803,1298.929,1277.151,1260.652,1253.713,1252.197,1252.488
157,Lithuania,,440,739.268,895.408,1093.345,1318.802,1554.727,1837.514,2098.901,2317.803,2498.807,2441.157,2343.462,2190.155,2048.399,1994.553,1961.277,1940.717,1926.461,1917.761,1913.738,1911.449,1909.861
158,Norway,15,578,1647.595,1722.359,1788.154,2143.873,2534.575,2731.708,2880.026,2958.201,3051.208,3215.963,3417.242,3583.424,3869.061,4138.621,4418.866,4663.079,4898.538,5116.365,5319.547,5518.684,5717.268
159,Sweden,,752,4607.189,5028.602,5421.943,5965.022,6522.444,6777.782,6905.261,6939.526,7112.618,7398.883,7455.029,7614.156,7980.239,8318.812,8684.062,9055.72,9401.891,9723.661,10050.953,10404.361,10781.93
160,United Kingdom,,826,39977.028,40289.279,41217.823,42295.879,42911.752,43684.416,44186.836,44303.581,44707.626,45442.306,46365.903,48181.979,50461.152,52730.144,54944.57,56995.984,58841.589,60472.039,61978.32,63440.208,64829.812
161,Southern Europe,,925,50014.051,55118.299,60299.737,67070.193,74129.511,80649.589,86865.079,90369.392,92660.281,94510.445,96520.713,101566.57,106580.614,109413.616,111681.471,113570.712,115304.037,116941.026,118387.344,119446.836,119968.966
162,Albania,,8,249.311,373.443,497.069,585.342,678.915,793.784,923.309,1079.837,1255.642,1306.589,1379.514,1493.585,1643.203,1835.302,2008.929,2158.191,2276.7,2347.856,2368.265,2362.897,2345.476
163,Andorra,,20,2.404,4.485,7.84,13.068,19.461,26.792,33.201,42.438,51.628,59.807,60.425,73.34,68.415,68.9,69.218,69.909,71.271,73.3,75.643,77.573,79.074
164,Bosnia and Herzegovina,,70,363.663,487.382,629.373,809.061,1011.72,1227.171,1457.217,1624.598,1776.629,1387.658,1507.146,1520.962,1508.61,1518.971,1547.754,1593.223,1651.751,1713.814,1764.609,1805.267,1839.438
165,Croatia,,191,858.421,1036.557,1223.957,1444.818,1676.598,1928.955,2203.08,2390.254,2590.383,2574.539,2487.608,2475.591,2495.985,2509.158,2537.331,2567.537,2595.278,2613.291,2620.434,2617.377,2606.222
166,Gibraltar,,292,20.498,21.022,21.529,23.256,24.661,25.443,26.568,26.611,26.833,27.285,27.351,29.08,29.253,29.354,29.372,29.272,29.022,28.647,28.185,27.67,27.127
167,Greece,,300,3945.77,4308.021,4661.455,5127.947,5646.828,6055.724,6686.426,7005.492,7261.392,7696.36,7989.196,8220.677,8476.092,8678.93,8812.987,8929.858,9014.894,9082.359,9133.891,9163.665,9157.891
168,Holy See,16,336,0.905,0.905,0.906,0.855,0.648,0.729,0.726,0.747,0.77,0.781,0.787,0.798,0.799,0.8,0.804,0.801,0.804,0.808,0.813,0.817,0.822
169,Italy,,380,25086.201,27365.162,29395.33,31820.134,34272.858,36166.154,37465.446,37938.448,37921.709,38123.695,38307.191,39743.264,41343.691,42166.069,42852.899,43458.945,44122.611,44839.617,45560.659,46176.585,46639.674
170,Malta,,470,277.233,283.086,283.221,275.849,273.521,276.429,296.235,318.439,339.196,359.794,376.426,388.39,402.077,411.434,418.046,421.637,421.818,419.155,414.868,409.884,404.782
171,Montenegro,,499,50.223,68.483,90.014,114.397,142.737,175.395,213.177,251.627,295.238,328.019,357.818,383.042,391.246,397.957,402.987,406.794,409.294,410.157,409.234,406.643,402.909
172,Portugal,,620,2625.709,2854.834,3102.385,3276.84,3364.472,3745.933,4177.878,4501.757,4743.368,5160.508,5606.512,6046.171,6413.953,6733.984,6993.297,7199.862,7362.23,7480.905,7550.329,7578.473,7564.201
173,San Marino,,674,5.521,6.338,7.527,9.488,11.443,14.105,17.381,20.109,21.818,23.539,25.2,27.994,29.036,29.954,30.531,30.997,31.363,31.638,31.823,31.903,31.868
174,Serbia,17,688,1367.068,1775.124,2225.682,2723.1,3273.372,3714.792,4179.703,4565.785,4905.973,5378.747,5463.712,5428.832,5326.003,5235.373,5161.122,5105.49,5057.582,5007.143,4943.647,4852.751,4738.05
175,Slovenia,,705,293.468,365.011,445.628,529.8,617.866,738.174,880.126,965.622,1009.507,1008.193,1009.741,1010.19,1027.948,1032.259,1041.581,1056.805,1079.177,1110.404,1150.079,1189.484,1224.99
176,Spain,18,724,14573.727,15777.801,17207.333,19679.136,22318.069,24863.721,27290.986,28551.281,29298.801,29902.847,30720.607,33522.306,36226.211,37560.715,38555.59,39300.799,39914.214,40495.159,41035.315,41440.257,41600.829
177,TFYR Macedonia,19,807,293.929,390.645,500.488,637.102,796.342,896.288,1013.62,1086.347,1161.394,1172.084,1201.479,1202.348,1198.092,1204.456,1219.023,1240.592,1266.028,1286.773,1299.55,1305.59,1305.613
178,Western Europe,,926,91058.959,96581.691,103416.055,112311.04,119098.1,123091.497,124581.376,126819.171,131064.309,136244.494,139034.932,143897.433,148154.495,152299.869,155956.133,159089.589,161774.296,164009.378,165795.474,167150.169,168171.05
179,Austria,,40,4412.192,4465.234,4566.811,4736.322,4887.457,4978.243,4940.42,4967.179,5044.197,5254.375,5277.332,5422.952,5532.863,5645.401,5790.076,5964.863,6158.557,6363.249,6577.05,6784.795,6983.751
180,Belgium,,56,7892.159,8159.117,8451.402,8792.43,9069.273,9229.763,9400.523,9490.827,9616.736,9834.368,9973.488,10234.535,10683.185,10943.878,11141.148,11316.649,11467.037,11596.422,11710.378,11808.735,11891.162
181,France,,250,23104.465,25226.905,28278.1,32780.133,36027.526,38497.834,39529.024,40812.981,42097.667,43455.898,44925.825,47392.725,49538.497,51674.43,53688.106,55547.644,57331.894,58994.362,60510.86,61886.269,63174.483
182,Germany,,276,47727.925,49937.036,52350.242,55156.781,57304.431,57843.826,57669.546,57366.703,58850.74,60935.648,61020.429,61497.844,61674.606,62170.091,62530.277,62653.694,62537.78,62233.758,61756.186,61086.027,60220.065
183,Liechtenstein,,438,2.735,3.019,3.373,3.631,3.924,4.294,4.727,4.803,4.866,5.08,5.007,5.12,5.225,5.353,5.569,5.881,6.29,6.796,7.386,8.002,8.656
184,Luxembourg,,442,199.037,208.835,218.815,237.58,252.631,273.624,291.393,295.964,309.046,338.33,367.275,396.486,449.719,489.803,526.808,560.929,591.879,618.254,639.194,655.145,666.145
185,Monaco,,492,20,19.658,22.454,23.283,23.484,25.201,26.746,28.836,29.438,30.7,32.081,33.808,36.845,38.32,39.89,41.756,43.857,46.024,48.148,50.348,52.762
186,Netherlands,,528,5628.748,6192.825,6822.821,7420.039,7990.127,8592.223,9120.644,9642.119,10227.347,11227.121,12179.548,13470.572,14465.326,15243.271,15800.765,16187.52,16429.275,16537.287,16519.825,16427.237,16303.58
187,Switzerland,,756,2071.698,2369.062,2702.037,3160.841,3539.247,3646.489,3598.353,4209.759,4884.272,5162.974,5253.947,5443.391,5768.229,6089.322,6433.494,6810.653,7207.727,7613.226,8026.447,8443.611,8870.446
188,LATIN AMERICA AND THE CARIBBEAN,,904,69335.121,86976.145,108632.711,134806.929,164071.525,197280.963,234195.264,273130.007,313875.861,355089.152,396276.279,432803.905,467641.554,502792.854,536051.691,567088.511,595134.448,619795.465,641056.932,659040.884,673631.43
189,Caribbean,,915,6170.176,7119.874,8243.428,9830.23,11493.767,13475.825,15394.752,17616.454,19850.701,21708.082,23545.914,25829.15,28101.186,30327.523,32320.847,34031.906,35428.485,36533.602,37399.007,38036.139,38440.009
190,Anguilla,,660,5.121,5.697,5.863,6.114,6.4,6.63,6.698,6.662,8.334,9.807,11.071,12.637,13.768,14.614,15.27,15.594,15.783,15.837,15.762,15.571,15.292
191,Antigua and Barbuda,,28,13.921,18.356,21.684,21.839,22.107,23.696,24.337,23.024,21.931,23.212,24.946,24.124,22.889,21.829,21.419,21.642,22.49,24.01,26.091,28.178,30.223
192,Aruba,,533,19.386,22.236,27.525,29.082,29.901,30.66,30.331,31.763,31.272,39.172,42.446,44.889,43.746,43.143,42.934,43.277,44.163,45.44,46.826,47.855,48.701
193,Bahamas,,44,41.193,49.567,65.4,88.712,113.069,132.25,153.997,179.941,204.656,226.731,244.189,270.775,297.586,321.179,341.202,360.211,377.568,393.086,406.847,419.082,430.214
194,Barbados,,52,76.07,82.671,84.902,87.39,89.575,94.875,98.474,91.504,84.672,87.534,90.391,90.111,89.895,90.485,92.324,95.362,99.548,104.867,110.797,116.576,122.356
195,British Virgin Islands,,92,0.836,0.898,0.983,1.259,1.631,2.04,2.502,3.956,6.224,7.446,8.623,10.003,12.154,13.301,14.434,15.531,16.559,17.519,18.4,19.191,19.878
196,Cayman Islands,,136,6.413,6.676,7.867,8.371,9.144,12.238,16.164,19.315,25.009,31.672,41.685,48.623,55.509,59.967,62.988,65.106,66.552,67.375,67.625,67.37,66.705
197,Cuba,,192,3345.434,3757.47,4170.479,4718.401,5252.216,6061.686,6698.238,7162.149,7777.156,8119.938,8389.801,8597.093,8641.505,8669.864,8670.94,8643.559,8604.213,8509.986,8354.617,8128.817,7833.338
198,Dominica,,212,17.731,19.797,22.713,24.831,27.494,30.762,35.216,40.289,44.741,46.268,45.476,46.982,48.461,50.541,52.744,54.884,56.526,57.64,58.387,58.907,59.15
199,Dominican Republic,,214,565.062,750.942,1001.136,1366.339,1819.038,2361.663,2987.511,3514.183,4001.191,4594.965,5349.305,6294.058,7387.638,8413.051,9297.925,10043.351,10653.328,11131.736,11494.535,11784.369,12002.718
200,Grenada,,308,21.849,23.826,27.256,29.579,30.418,30.108,29.301,33.152,32.186,34.635,36.452,36.976,37.349,37.973,38.814,39.615,40.303,40.982,41.653,42.004,41.891
201,Guadeloupe,20,312,75.18,112.073,163.555,211.23,253.484,282.288,296.458,333.362,371.019,393.941,418.629,436.773,451.261,462.772,472.75,481.64,488.55,492.644,493.674,491.725,487.186
202,Haiti,,332,391.991,484.94,603.331,751.578,931.42,1049.554,1169.167,1486.249,2027.106,2554.506,3053.851,4082.59,5147.755,6218.609,7200.479,8050.753,8742.378,9350.462,9925.938,10457.604,10936.498
203,Jamaica,,388,338.323,443.022,550.094,660.075,772.276,885.538,996.607,1112.414,1169.443,1246.175,1337.957,1416.47,1473.367,1541.33,1614.414,1687.835,1755.28,1813.11,1858.487,1887.668,1900.062
204,Martinique,,474,73.017,82.621,112.901,155.418,198.32,233.421,259.104,284.894,309.29,326.048,344.783,353.977,356.835,360.596,364.664,368.605,372.154,374.269,373.784,370.628,365.208
205,Montserrat,,500,2.136,2.259,1.914,1.587,1.329,1.409,1.49,1.416,1.342,1.279,0.103,0.446,0.453,0.468,0.485,0.51,0.544,0.587,0.639,0.692,0.745
206,Sint Maarten (Dutch part),,534,1.497,2.11,2.834,4.464,6.862,9.553,13.098,19.027,28.546,35.34,31.347,37.395,42.519,46.914,50.723,54.034,56.791,58.892,60.284,61.011,61.23
207,Caribbean Netherlands,,535,5.045,5.567,6,6.932,8.026,8.641,8.846,9.429,10.107,11.547,10.785,10.766,13.166,14.874,16.016,16.884,17.513,17.945,18.248,18.438,18.536
208,Curaçao,,531,70.695,84.984,94.836,102.59,112.679,120.448,121.015,125.223,124.201,126.159,119.885,117.149,132.664,146.917,152.411,156.322,158.987,160.777,161.927,162.259,161.91
209,Puerto Rico,,630,900.333,953.627,1049.347,1328.043,1580.585,1840.372,2162.388,2841.252,3269.669,3458.253,3583.844,3539.7,3480.613,3444.537,3439.61,3453.868,3468.778,3476.015,3471.687,3454.052,3424.096
210,Saint Kitts and Nevis,,659,12.213,13.102,14.153,15.184,15.323,15.509,15.503,14.808,14.132,14.46,14.928,15.748,16.651,17.746,19.055,20.586,22.299,23.984,25.607,27.142,28.578
211,Saint Lucia,,662,15.894,17.596,19.293,21.822,24.902,27.662,31.312,35.299,40.555,42.296,43.591,38.184,32.73,34.221,35.985,38.058,40.447,43.177,46.217,49.198,52.032
212,Saint Vincent and the Grenadines,,670,14.542,17.469,21,24.289,27.755,31.768,36.052,40.331,44.519,46.904,48.754,51.105,53.33,55.289,57.25,59.195,61.151,63.229,65.503,67.411,68.944
213,Trinidad and Tobago,,780,138.279,143.105,147.204,130.908,112.347,115.029,117.902,112.38,104.275,120.755,136.646,128.428,120.747,113.728,109.091,106.52,106.516,109.41,114.535,119.247,123.193
214,Turks and Caicos Islands,,796,2.382,2.464,2.729,2.8,2.878,3.473,4.158,6.218,8.587,12.256,15.96,23.208,27.964,31.656,34.578,36.884,38.719,40.111,41.033,41.515,41.623
215,United States Virgin Islands,,850,15.633,16.799,18.429,31.393,44.588,64.552,78.883,88.214,90.538,96.783,100.466,100.94,100.631,101.919,102.342,102.08,101.345,100.512,99.904,99.629,99.702
216,Central America,,916,15047.496,18995.642,24114.74,30471.212,38073.978,46895.823,56321.824,65085.01,74880.389,85887.912,96144.181,105726.392,115973.251,126854.204,137422.764,147690.335,157341.379,166145.989,174048.837,181070.744,187157.976
217,Belize,,84,38.103,43.674,49.743,55.693,62.266,66.858,71.173,79.85,89.021,98.273,113.717,125.928,138.754,152.849,168.319,185.637,205.36,227.894,252.387,276.923,301.155
218,Costa Rica,,188,323.694,382.584,456.959,566.599,707.463,848.517,1012.137,1226.394,1539.343,1897.673,2320.37,2837.001,3349.735,3842.334,4268.727,4624.858,4909.586,5125.203,5280.983,5399.509,5482.284
219,El Salvador,,222,803.16,910.349,1063.302,1262.033,1471.907,1756.874,2053.36,2333.607,2631.145,3102.032,3510.45,3743.594,3997.414,4287.823,4560.812,4795.818,5000.088,5156.535,5279.345,5369.911,5424.841
220,Guatemala,,320,788.542,1013.07,1288.609,1609.7,1925.004,2274.372,2618.455,3100.805,3655.423,4304.066,5056.085,5980.946,7073.637,8382.909,9851.814,11469.734,13213.529,15069.123,17023.905,19061.878,21157.217
221,Honduras,,340,261.427,344.057,455.478,604.719,777.838,997.878,1267.838,1599.028,1984.039,2401.218,2834.564,3347.011,3939.871,4610.415,5317.18,6040.909,6762.785,7465.643,8160.17,8841.551,9497.109
222,Mexico,,484,12069.339,15360.488,19629.618,24905.288,31274.098,38727.656,46671.72,53683.87,61475.379,69987.292,77616.883,84497.584,91745.303,99244.722,106297.564,112981.354,119016.21,124245.356,128609.814,132138.956,134827.995
223,Nicaragua,,558,455.79,563.404,702.4,881.023,1128.57,1363.677,1623.208,1897.068,2165.604,2494.405,2792.077,3051.272,3333.511,3677.533,4031.679,4388.036,4753.396,5106.903,5438.013,5739.512,6005.637
224,Panama,,591,307.441,378.016,468.631,586.157,726.832,859.991,1003.933,1164.388,1340.435,1602.953,1900.035,2143.056,2395.026,2655.619,2926.669,3203.989,3480.425,3749.332,4004.22,4242.504,4461.738
225,South America,,931,48117.449,60860.629,76274.543,94505.487,114503.78,136909.315,162478.688,190428.543,219144.771,247493.158,276586.184,301248.363,323567.117,345611.127,366308.08,385366.27,402364.584,417115.874,429609.088,439934.001,448033.445
226,Argentina,,32,11205.806,13182.253,15181.57,17025.65,18914.283,21109.101,23307.885,25800.765,28378.349,30710.314,32896.137,34815.529,36726.616,38677.436,40510.074,42230.621,43784.015,45168.258,46388.928,47451.632,48339.324
227,Bolivia (Plurinational State of),,68,918.518,1061.108,1232.687,1435.054,1677.433,1969.903,2440.204,3051.708,3775.947,4535.405,5252.971,6005.185,6746.638,7553.157,8391.491,9241.46,10079.242,10900.68,11699.411,12466.737,13192.907
228,Brazil,,76,19517.261,25825.892,33577.807,43064.986,53706.01,65785.321,79700.434,95168.775,110622.982,125643.278,141684.026,154189.709,164631.36,174508.252,183326.155,191032.039,197460.86,202519.536,206243.977,208808.088,210238.186
229,Chile,,152,3553.119,4280.347,5188.758,6204.626,7205.948,8172.864,9093.06,10019.728,11003.315,12208.349,13302.104,14286.185,15193.221,16047.356,16836.438,17533.149,18112.458,18582.852,18951.255,19223.038,19402.852
230,Colombia,,170,3923.852,5349.234,7208.122,9469.325,11701.193,14047.273,16732.141,19722.374,22740.742,25790.549,28756.356,31775.157,34850.409,37858.036,40736.096,43434.014,45899.152,48107.094,50046.037,51708.293,53082.825
231,Ecuador,,218,976.359,1219.715,1529.435,1909.962,2366.378,2935.215,3714.365,4589.925,5577.081,6536.659,7557.363,8501.948,9404.165,10342.602,11317.151,12323.857,13349.858,14379.109,15379.393,16318.742,17184.021
232,Falkland Islands (Malvinas),,238,1.154,1.118,1.083,1.075,1.076,1.08,1.089,1.188,1.478,1.609,1.948,2.094,2.223,2.332,2.413,2.47,2.502,2.511,2.514,2.515,2.516
233,French Guiana,,254,13.671,16.721,20.503,25.868,32.746,39.364,47.975,63.551,87.36,106.902,130.527,163.863,191.627,220.793,251.577,283.635,316.112,348.21,380,411.503,442.897
234,Guyana,,328,113.931,137.861,162.538,187.095,212.101,224.417,236.866,225.767,214.49,212.154,213.619,215.32,221.992,230.593,241.379,255.167,271.376,286.446,298.701,307.846,314.021
235,Paraguay,,600,509.265,587.306,678.319,789.369,920.969,1093.5,1333.533,1665.945,2069.374,2503.226,2960.363,3386.032,3778.11,4196.297,4642.868,5109.355,5587.121,6070.663,6552.455,7021.583,7470.592
236,Peru,,604,3129.346,3805.484,4649.019,5948.201,7574.461,9320.192,11189.708,13055.314,15001.098,16985.054,18990.919,20801.966,22507.409,24495.382,26500.247,28402.713,30155.575,31728.411,33133.346,34365.77,35404.522
237,Suriname,,740,100.808,117.729,137.119,156.551,171.069,195.863,237.504,245.641,267.268,287.943,310.074,333.093,348.279,362.22,376.079,390.298,404.517,417.794,429.575,438.765,445.315
238,Uruguay,,858,1744.386,1876.901,2037.149,2191.549,2314.52,2360.181,2489.857,2626.213,2767.016,2919.422,3056.103,3103.003,3183.623,3269.154,3341.43,3410.824,3467.019,3508.407,3534.549,3547.97,3549.492
239,Venezuela (Bolivarian Republic of),,862,2409.973,3398.96,4670.434,6096.176,7705.593,9655.041,11954.067,14191.649,16638.271,19052.294,21473.674,23669.279,25781.445,27847.517,29834.682,31716.668,33474.777,35095.903,36568.947,37861.519,38963.975
240,NORTHERN AMERICA,,905,109666.641,125205.023,142880.6,157961.458,170791.255,179212.018,188372.944,200016.95,212935.143,229946.714,249504.44,264277.991,279948.502,294834.161,309991.276,325100.335,339782.053,353503.146,366215.816,378243.507,390070.374
241,Bermuda,,60,37.26,40.639,44.714,48.841,51.766,54.28,56.067,57.813,59.798,61.407,62.837,64.137,64.951,65.578,66.093,66.44,66.524,66.293,65.778,65.108,64.472
242,Canada,,124,8372.186,10337.873,12368.356,14351.388,16215.878,17493.256,18545.858,19732.439,21180.754,22754.81,24397.595,25841.9,27620.891,29352.62,31111.151,32756.325,34304.212,35726.312,37058.256,38344.783,39616.206
243,Greenland,,304,11.269,13.905,18.285,25.075,33.517,36.884,38.194,41.467,44.314,45.151,45.838,47.19,47.715,49.506,50.168,50.112,49.368,48.967,48.164,47.133,45.921
244,Saint Pierre and Miquelon,,666,3.658,3.945,4.252,4.474,4.826,5.238,5.376,5.462,5.582,5.602,5.583,5.493,5.439,5.467,5.491,5.512,5.537,5.563,5.584,5.61,5.628
245,United States of America,,840,101242.268,114808.661,130444.993,143531.68,154485.268,161622.36,169727.449,180179.769,191644.695,207079.744,224992.587,238319.271,252209.506,265360.99,278758.373,292221.946,305356.412,317656.011,329038.034,339780.873,350338.147
246,OCEANIA,,909,7906.061,9179.233,10583.753,12091.665,14039.811,15449.887,16383.192,17585.613,19058.823,20496.948,22013.478,23711.239,25923.58,27852.61,29817.854,31790.921,33746.95,35704.583,37702.299,39740.581,41807.156
247,Australia/New Zealand,,927,7680.534,8883.734,10193.943,11563.898,13290.059,14488.722,15239.518,16230.087,17480.246,18742.123,20092.833,21615.727,23643.997,25358.583,27075.97,28763.159,30384.548,31947.161,33482.425,35013.634,36532.976
248,Australia,21,36,6296.801,7311.065,8391.261,9490.633,11003.204,11936.708,12613.886,13495.065,14600.726,15606.086,16787.389,18058.232,19880.192,21392.649,22910.275,24400.23,25834.777,27222.968,28592.83,29969.626,31346.075
249,New Zealand,,554,1383.733,1572.669,1802.682,2073.265,2286.855,2552.014,2625.632,2735.022,2879.52,3136.037,3305.444,3557.495,3763.805,3965.934,4165.695,4362.929,4549.771,4724.193,4889.595,5044.008,5186.901
250,Melanesia,,928,122.94,166.896,232.615,328.395,498.066,648.682,782.367,934.97,1096.958,1217.19,1334.156,1487.659,1668.336,1856.394,2071.326,2322.755,2621.534,2979.509,3405.827,3880.047,4398.064
251,Fiji,,242,70.376,90.219,116.759,151.143,180.926,211.728,239.93,274.155,303.071,352.859,388.843,410.182,446.014,479.644,508.919,533.49,553.847,570.208,582.831,591.63,596.64
252,New Caledonia,,540,15.939,20.733,29.162,40.716,53.807,70.731,81.468,90.563,100.343,113.702,129.744,146.296,165.746,184.757,203.241,220.989,237.608,252.815,266.785,280.065,292.679
253,Papua New Guinea,,598,29.039,45.927,73.268,118.206,238.516,335.193,419.533,514.839,623.452,664.027,710.258,799.132,892.933,992.537,1120.412,1286.831,1502.773,1781.074,2130.841,2530.369,2975.984
254,Solomon Islands,,90,3.412,4.774,6.799,9.914,14.293,17.651,24.391,33.67,42.65,52.679,65.203,83.686,105.54,130.507,157.73,187.122,218.398,250.757,284.023,319.004,355.352
255,Vanuatu,,548,4.174,5.243,6.627,8.416,10.524,13.379,17.045,21.743,27.442,33.923,40.108,48.363,58.103,68.949,81.024,94.323,108.908,124.655,141.347,158.979,177.409
256,Micronesia,,954,46.842,56.417,69.063,87.244,111.254,151.091,182.258,218.862,258.082,296.617,324.992,331.205,328.603,347.078,368.583,390.08,411.404,432.038,450.812,467.091,481.049
257,Guam,,316,24.635,28.607,33.468,41.565,51.938,78.074,97.625,107.645,118.472,133.997,144.656,148.313,150.031,160.569,171.101,181.396,190.928,199.34,206.615,212.917,218.37
258,Kiribati,,296,2.871,3.887,5.371,7.434,10.565,14.331,17.598,20.844,24.855,27.808,35.564,39.4,42.785,46.765,51.431,56.714,62.42,68.222,73.849,79.439,85.121
259,Marshall Islands,,584,3.034,4.042,5.218,7.373,10.911,15.51,17.828,23.746,30.77,34.044,35.656,36.389,37.404,38.517,40.64,42.285,44.237,46.966,49.889,52.243,53.699
260,Micronesia (Fed. States of),,583,6.4,8.009,9.938,12.295,15.241,16.328,19.296,22.407,24.87,26.962,23.989,23.714,23.105,23.424,25.029,27.089,29.48,32.038,34.587,37.02,39.462
261,Nauru,,520,2.953,3.621,4.433,5.738,6.493,7.07,7.488,8.174,9.157,9.97,10.042,10.115,10.025,10.122,10.443,10.706,10.912,11.066,11.162,11.203,11.192
262,Northern Mariana Islands,,580,2.94,3.679,5.158,6.556,9.25,12.27,14.795,26.816,39.457,51.511,61.67,57.806,48.19,49.143,49.856,50.381,50.675,50.624,50.06,48.88,47.141
263,Palau,,585,4.009,4.572,5.477,6.283,6.856,7.508,7.628,9.23,10.501,12.325,13.415,15.468,17.063,18.538,20.083,21.509,22.752,23.782,24.65,25.389,26.064
264,Polynesia,22,957,55.745,72.186,88.132,112.128,140.432,161.392,179.049,201.694,223.537,241.018,261.497,276.648,282.644,290.555,301.975,314.927,329.464,345.875,363.235,379.809,395.067
265,American Samoa,,16,11.697,12.616,13.25,16.071,19.209,21.657,24.125,30.519,38.081,45.091,50.957,52.082,48.734,48.43,49.99,51.684,53.251,54.425,55.095,55.311,55.234
266,Cook Islands,,184,5.734,6.908,8.485,9.636,11.406,10.994,9.484,9.783,10.165,10.741,11.621,13.778,14.859,15.525,16.156,16.687,17.294,17.996,18.608,19.168,19.659
267,French Polynesia,,258,20.069,25.945,33.014,45.018,60.952,76.088,89.509,102.74,114.776,121.886,133.039,143.821,151.399,158.009,164.922,172.236,179.769,187.509,195.495,202.884,209.378
268,Niue,,570,1.003,1.009,1.039,1.096,1.082,0.928,0.92,0.843,0.72,0.682,0.628,0.594,0.568,0.542,0.529,0.523,0.556,0.586,0.609,0.631,0.651
269,Samoa,,882,10.58,16.398,20.562,24.526,29.14,31.778,32.936,33.926,34.527,36.628,38.375,38.177,37.351,36.903,37.006,37.866,39.651,43.001,47.41,52.01,56.55
270,Tokelau,,772,0,0,0,0,0,0,0,0,0,0,0,0,0,0,0,0,0,0,0,0,0
271,Tonga,,776,6.084,8.566,10.812,14.5,17.032,17.967,19.674,20.921,21.607,21.933,22.543,23.378,24.348,25.224,26.921,28.942,31.458,34.494,37.913,41.323,44.599
272,Tuvalu,,798,0.578,0.744,0.97,1.281,1.611,1.98,2.401,2.962,3.661,4.057,4.334,4.818,5.385,5.922,6.451,6.989,7.485,7.864,8.105,8.482,8.996
273,Wallis and Futuna Islands,,876,0,0,0,0,0,0,0,0,0,0,0,0,0,0,0,0,0,0,0,0,0
